bfcc859619d8c064,adams
7911713924d7b2c9,bartlett
20b15be730097ee8,braxton
8efd88919193e937,carroll
2cdcc9eb86485383,chase
610f0528bad4591d,clark
2f5b8152206ea5db,clymer
3ee23327f2543040,ellery
5900c08c74233ac7,franklin
e5539e5940349fc7,gerry
9243ffd303715b52,gwinnett
ae2a2ddab1639979,hall
84e282783a7fc441,harrison
5b80e07eba1c0501,hart
ccef222475bf188a,hewes
0a661afa74659b44,heyward
897919a52cf457c5,hooper
41a218671f9c1bdd,hopkins
efce0f51f5c41ad4,hopkinson
d8c0367a686fd0f5,huntington
49cab776d4e63e9d,jefferson
cbb3a5135a32671a,lee
221c3ea8d1948d29,lewis
0dc2aec820ba63e3,livingston
c641aa6be75e4ac6,lynch
7aeed69515300436,middleton.
7bbfd7c4094aabf8,morris
c630a8a1c101b8a0,morton
2bbf9971f44809dc,nelson
863cd97de4b1a537,paca
8e76da098db44ac5,paine
872e5eae14a2ccb0,penn
ed384f58875d01e2,read
ed2ec6ca57732b6d,rloyd
ebf932bc3465a49e,rodneyr
42af05c23b821193,ross
bfe6e1a9527ef794,rush
39daeb7d53b20b5b,rutledge
a6f79de77faecb5d,sherman
4f15efbb227a7407,smith
677f7b6d87bb8727,stockton
a32d2a4da918bf63,stone
b3e2610c632f5b3f,taylor
afd12d0137343193,thornton
a24f011a9f47519f,walton
e2bd6e18db208a57,whipple
0f2195af2a7263e8,williams
3b91e6a5254ed472,wilson
bc3c9a00ce141912,witherspoon
6c32415a0af09a3e,wolcott
4a5ebde088bf19b6,wythe
